{"DJ Bravo":0.2777777777777778,"A Nehra":0.2961038961038961,"R Vinay Kumar":0.588679245283019,"MC Henriques":0.6496815286624205,"D Wiese":0.7557251908396946,"R Ashwin":0.925,"JP Faulkner":1.0462633451957295,"STR Binny":1.0588235294117647,"SR Watson":1.5233160621761659,"VR Aaron":2.1238938053097343}